epoch,time,train/box_loss,train/cls_loss,train/dfl_loss,metrics/precision(B),metrics/recall(B),metrics/mAP50(B),metrics/mAP50-95(B),val/box_loss,val/cls_loss,val/dfl_loss,lr/pg0,lr/pg1,lr/pg2
1,35.7575,2.00175,3.82615,1.65547,0.36548,0.35587,0.26762,0.1352,1.83423,4.74318,1.81072,0.00044987,0.00044987,0.00044987
2,48.5573,1.67038,1.91251,1.50331,0.00394,0.10844,0.00035,0.00017,3.17717,6190.77,17.8116,0.000918563,0.000918563,0.000918563
3,64.0018,1.73271,1.88003,1.58323,0,0,0,0,nan,nan,nan,0.0013794,0.0013794,0.0013794
4,77.0649,1.77165,1.83562,1.6136,0.00215,0.11101,0.00086,0.00024,2.92202,823.066,13.1607,0.00139363,0.00139363,0.00139363
5,89.7911,1.70616,1.76828,1.5775,0.15623,0.21791,0.08929,0.03661,2.41686,16.2741,3.42782,0.00138184,0.00138184,0.00138184
6,102.615,1.63761,1.62552,1.48868,0.16755,0.42398,0.37007,0.1781,2.19918,21.4391,2.48824,0.00137005,0.00137005,0.00137005
7,115.626,1.61432,1.64006,1.54383,0.11665,0.14354,0.05273,0.01891,2.30324,19.4929,2.30033,0.00135826,0.00135826,0.00135826
8,128.354,1.59109,1.64235,1.50224,0.28099,0.41896,0.28285,0.10999,1.92214,8.35472,1.97932,0.00134648,0.00134648,0.00134648
9,141.134,1.62611,1.57202,1.49544,0.5271,0.54949,0.60819,0.29807,1.81459,9.81334,1.93565,0.00133469,0.00133469,0.00133469
10,153.842,1.53853,1.47382,1.47004,0.5466,0.49408,0.50376,0.24311,2.00861,3.33401,1.95669,0.0013229,0.0013229,0.0013229
11,166.533,1.52907,1.43637,1.42884,0.68215,0.63138,0.63563,0.39492,1.65288,2.45961,1.6677,0.00131111,0.00131111,0.00131111
12,179.475,1.4843,1.36101,1.41771,0.77924,0.64388,0.72539,0.41161,1.65569,2.39788,1.63843,0.00129932,0.00129932,0.00129932
13,192.426,1.49503,1.37082,1.40362,0.62936,0.70637,0.64742,0.34565,1.60451,3.66485,1.56688,0.00128753,0.00128753,0.00128753
14,204.963,1.45539,1.31708,1.3619,0.85343,0.6737,0.74811,0.42219,1.61798,1.94921,1.59323,0.00127574,0.00127574,0.00127574
15,217.929,1.44659,1.3104,1.3683,0.83308,0.68324,0.75482,0.45395,1.48253,2.0579,1.4433,0.00126395,0.00126395,0.00126395
16,230.711,1.4218,1.26472,1.36349,0.81967,0.75473,0.79364,0.44051,1.54183,1.7552,1.51301,0.00125216,0.00125216,0.00125216
17,243.393,1.43773,1.26576,1.39023,0.79933,0.72503,0.78159,0.43221,1.54834,1.66743,1.51374,0.00124037,0.00124037,0.00124037
18,256.123,1.41328,1.24999,1.39721,0.7084,0.72008,0.78953,0.39197,1.63678,1.36687,1.60065,0.00122858,0.00122858,0.00122858
19,269.046,1.41164,1.21759,1.37283,0.84906,0.61951,0.74098,0.41321,1.51412,2.01656,1.48388,0.00121679,0.00121679,0.00121679
20,282.018,1.43406,1.25362,1.36305,0.87417,0.73751,0.7952,0.46851,1.64371,1.62774,1.52321,0.001205,0.001205,0.001205
21,295.041,1.45923,1.19834,1.35849,0.79863,0.76498,0.79814,0.40996,1.42723,1.54105,1.38797,0.00119322,0.00119322,0.00119322
22,308.021,1.39105,1.17105,1.31645,0.8359,0.76798,0.79604,0.48502,1.47191,1.82646,1.40222,0.00118143,0.00118143,0.00118143
23,321.057,1.42746,1.16336,1.37419,0.80382,0.76962,0.80282,0.41642,1.46555,1.47364,1.41677,0.00116964,0.00116964,0.00116964
24,333.832,1.39094,1.16281,1.3558,0.86921,0.76913,0.8372,0.48306,1.49058,1.30798,1.46014,0.00115785,0.00115785,0.00115785
25,346.931,1.38132,1.12633,1.32294,0.83138,0.7179,0.79018,0.4634,1.52271,1.97133,1.47545,0.00114606,0.00114606,0.00114606
26,359.88,1.35316,1.12324,1.34145,0.89957,0.81324,0.87413,0.50089,1.44181,1.19063,1.37071,0.00113427,0.00113427,0.00113427
27,373.076,1.30347,1.05648,1.29258,0.89867,0.77615,0.83507,0.45526,1.51967,1.24089,1.39805,0.00112248,0.00112248,0.00112248
28,386.238,1.34961,1.08817,1.29979,0.87699,0.83216,0.88265,0.53778,1.38754,1.06682,1.33047,0.00111069,0.00111069,0.00111069
29,399.406,1.34766,1.138,1.32414,0.88519,0.7945,0.84511,0.47736,1.49684,1.15766,1.37953,0.0010989,0.0010989,0.0010989
30,412.524,1.31457,1.07704,1.29857,0.72865,0.81537,0.85896,0.38935,1.46671,1.13743,1.39421,0.00108711,0.00108711,0.00108711
31,425.578,1.31565,1.07151,1.29857,0.82253,0.83566,0.87018,0.50418,1.42097,1.07028,1.34334,0.00107532,0.00107532,0.00107532
32,438.56,1.32866,1.05253,1.30003,0.819,0.79525,0.83642,0.51483,1.49682,1.24638,1.39444,0.00106353,0.00106353,0.00106353
33,451.561,1.33225,1.0284,1.29297,0.85245,0.81227,0.87293,0.5196,1.45557,1.03837,1.32536,0.00105174,0.00105174,0.00105174
34,464.596,1.31582,1.02424,1.25691,0.90374,0.83574,0.88877,0.51528,1.42144,1.02778,1.32042,0.00103995,0.00103995,0.00103995
35,477.649,1.32886,1.05572,1.28616,0.89566,0.83172,0.8787,0.50316,1.40356,1.05261,1.30258,0.00102817,0.00102817,0.00102817
36,490.572,1.30859,1.02323,1.28518,0.89798,0.83995,0.88538,0.52619,1.4779,0.99406,1.33738,0.00101638,0.00101638,0.00101638
37,503.531,1.30173,0.97612,1.24806,0.88807,0.79272,0.8667,0.53442,1.46236,1.044,1.34176,0.00100459,0.00100459,0.00100459
38,516.631,1.27027,0.95072,1.24094,0.87094,0.84036,0.87262,0.52439,1.35435,1.07474,1.2846,0.000992798,0.000992798,0.000992798
39,529.514,1.27018,0.99046,1.24892,0.86571,0.83822,0.87415,0.50341,1.38999,1.00797,1.30251,0.000981008,0.000981008,0.000981008
40,542.548,1.29859,0.98578,1.26145,0.88661,0.84325,0.88723,0.48681,1.38307,0.99781,1.29797,0.000969219,0.000969219,0.000969219
41,555.898,1.30752,0.97885,1.25468,0.85046,0.86818,0.88404,0.54097,1.32979,0.99589,1.2671,0.00095743,0.00095743,0.00095743
42,569.144,1.28621,0.99516,1.26359,0.91534,0.84275,0.89845,0.54556,1.33965,0.89022,1.25806,0.000945641,0.000945641,0.000945641
43,582.175,1.2529,0.96083,1.26175,0.85043,0.82175,0.8653,0.4739,1.51639,1.03461,1.37395,0.000933851,0.000933851,0.000933851
44,595.2,1.22593,0.93202,1.22893,0.89512,0.83946,0.88733,0.54819,1.35615,0.93122,1.26805,0.000922062,0.000922062,0.000922062
45,608.323,1.2694,0.95636,1.27426,0.89857,0.84305,0.89613,0.56521,1.30908,0.98029,1.23499,0.000910273,0.000910273,0.000910273
46,621.39,1.24698,0.94268,1.24661,0.91754,0.84326,0.90918,0.50811,1.32549,0.96651,1.22486,0.000898484,0.000898484,0.000898484
47,634.454,1.24795,0.93295,1.2431,0.89682,0.86785,0.91459,0.52365,1.40331,0.86242,1.28847,0.000886694,0.000886694,0.000886694
48,647.443,1.2647,0.94691,1.25673,0.88628,0.85818,0.90349,0.53364,1.35316,0.88126,1.24706,0.000874905,0.000874905,0.000874905
49,660.322,1.23289,0.89685,1.21547,0.90864,0.84806,0.9041,0.52454,1.34457,0.9036,1.28758,0.000863116,0.000863116,0.000863116
50,673.259,1.2419,0.89993,1.21854,0.90739,0.88719,0.92378,0.55752,1.29602,0.83595,1.24381,0.000851327,0.000851327,0.000851327
51,686.252,1.22536,0.92036,1.21098,0.92069,0.88483,0.91758,0.58601,1.29312,0.80232,1.22615,0.000839537,0.000839537,0.000839537
52,699.287,1.21707,0.86219,1.20643,0.88654,0.85364,0.89885,0.55219,1.38604,0.87193,1.25956,0.000827748,0.000827748,0.000827748
53,712.157,1.23366,0.90786,1.21567,0.93668,0.86783,0.91437,0.54363,1.33223,0.83846,1.25181,0.000815959,0.000815959,0.000815959
54,725.159,1.22809,0.88958,1.22152,0.93157,0.86712,0.91017,0.54283,1.36391,0.84159,1.25406,0.00080417,0.00080417,0.00080417
55,738.123,1.23096,0.89277,1.2397,0.93981,0.8693,0.9203,0.53852,1.33006,0.81624,1.23745,0.00079238,0.00079238,0.00079238
56,751.208,1.19782,0.89084,1.20987,0.89127,0.85677,0.8925,0.52382,1.40045,0.86134,1.3094,0.000780591,0.000780591,0.000780591
57,764.147,1.25343,0.86036,1.24252,0.93334,0.8847,0.93181,0.57141,1.28377,0.76951,1.19575,0.000768802,0.000768802,0.000768802
58,777.305,1.21066,0.8643,1.21279,0.93079,0.88663,0.93362,0.59076,1.22847,0.78863,1.16923,0.000757013,0.000757013,0.000757013
59,790.413,1.18893,0.83414,1.19555,0.93321,0.89596,0.93125,0.58257,1.35524,0.78475,1.24395,0.000745223,0.000745223,0.000745223
60,803.327,1.1692,0.85481,1.19626,0.93921,0.8766,0.92764,0.54436,1.31709,0.7953,1.19825,0.000733434,0.000733434,0.000733434
61,816.331,1.19448,0.84738,1.19733,0.92058,0.87655,0.91792,0.52971,1.35505,0.79598,1.22825,0.000721645,0.000721645,0.000721645
62,829.375,1.1869,0.85319,1.18156,0.92984,0.87618,0.92357,0.55295,1.31984,0.77653,1.23675,0.000709856,0.000709856,0.000709856
63,842.396,1.19467,0.86067,1.20584,0.93343,0.89298,0.91753,0.5568,1.37082,0.77407,1.2471,0.000698066,0.000698066,0.000698066
64,855.498,1.20343,0.84298,1.20104,0.92855,0.89161,0.94102,0.60243,1.21707,0.6936,1.16292,0.000686277,0.000686277,0.000686277
65,868.688,1.15653,0.81547,1.18394,0.94653,0.89537,0.92959,0.59038,1.27404,0.71005,1.19358,0.000674488,0.000674488,0.000674488
66,881.582,1.14728,0.81841,1.18732,0.94669,0.89186,0.93391,0.58964,1.28804,0.73897,1.19678,0.000662699,0.000662699,0.000662699
67,894.449,1.17487,0.81653,1.18888,0.92628,0.89086,0.92185,0.57958,1.36556,0.7577,1.23358,0.000650909,0.000650909,0.000650909
68,907.446,1.15093,0.81058,1.17285,0.93235,0.89369,0.93404,0.59671,1.24988,0.73941,1.17692,0.00063912,0.00063912,0.00063912
69,920.363,1.15249,0.79308,1.17247,0.93511,0.89648,0.93843,0.6025,1.21486,0.75075,1.14308,0.000627331,0.000627331,0.000627331
70,933.341,1.17747,0.84642,1.22196,0.941,0.89321,0.92916,0.56839,1.26813,0.78372,1.16563,0.000615542,0.000615542,0.000615542
71,946.34,1.1174,0.7894,1.16543,0.93777,0.90524,0.93757,0.58897,1.23702,0.70161,1.15167,0.000603752,0.000603752,0.000603752
72,959.337,1.13545,0.83485,1.19834,0.95394,0.88706,0.9306,0.56931,1.28952,0.72316,1.19458,0.000591963,0.000591963,0.000591963
73,972.504,1.15595,0.79611,1.16279,0.9566,0.88376,0.93534,0.58499,1.26413,0.69573,1.18726,0.000580174,0.000580174,0.000580174
74,985.494,1.16295,0.78075,1.18514,0.9159,0.88799,0.91983,0.56573,1.29088,0.7673,1.21338,0.000568385,0.000568385,0.000568385
75,998.626,1.15409,0.78549,1.17469,0.93655,0.9025,0.93614,0.58309,1.26124,0.69437,1.17781,0.000556595,0.000556595,0.000556595
76,1011.55,1.13924,0.76513,1.17246,0.9377,0.89096,0.93525,0.59713,1.2585,0.71167,1.16292,0.000544806,0.000544806,0.000544806
77,1024.63,1.11984,0.77034,1.14828,0.94722,0.90565,0.93842,0.60572,1.2262,0.69289,1.16119,0.000533017,0.000533017,0.000533017
78,1037.6,1.12832,0.77863,1.16974,0.94342,0.89472,0.9316,0.5419,1.27614,0.70494,1.18365,0.000521228,0.000521228,0.000521228
79,1050.47,1.16454,0.81062,1.17887,0.94812,0.89467,0.93219,0.57499,1.23349,0.68965,1.16158,0.000509438,0.000509438,0.000509438
80,1063.58,1.09686,0.75332,1.15617,0.94164,0.90036,0.93844,0.59464,1.22893,0.6746,1.17217,0.000497649,0.000497649,0.000497649
81,1076.66,1.10544,0.75065,1.16158,0.9214,0.90694,0.93633,0.58258,1.21133,0.67586,1.14641,0.00048586,0.00048586,0.00048586
82,1089.46,1.08827,0.74542,1.14966,0.94677,0.90681,0.94784,0.58048,1.21961,0.66721,1.1575,0.000474071,0.000474071,0.000474071
83,1102.37,1.10185,0.75992,1.1454,0.94174,0.90734,0.94161,0.5932,1.26415,0.66909,1.17172,0.000462281,0.000462281,0.000462281
84,1115.32,1.10342,0.75517,1.15465,0.95113,0.89527,0.93705,0.57216,1.295,0.68823,1.18639,0.000450492,0.000450492,0.000450492
85,1128.26,1.08173,0.75554,1.15188,0.95052,0.90417,0.9437,0.59837,1.23956,0.65849,1.1653,0.000438703,0.000438703,0.000438703
86,1141.21,1.09638,0.78907,1.18277,0.95168,0.89945,0.94124,0.60406,1.20986,0.66071,1.14963,0.000426914,0.000426914,0.000426914
87,1154.17,1.07312,0.74083,1.14542,0.95295,0.8995,0.93782,0.59647,1.20589,0.66215,1.14236,0.000415124,0.000415124,0.000415124
88,1167.01,1.07152,0.74366,1.14826,0.94915,0.90724,0.94523,0.59378,1.18959,0.65307,1.13051,0.000403335,0.000403335,0.000403335
89,1180.04,1.07428,0.7395,1.138,0.94996,0.90502,0.94026,0.61123,1.18896,0.65899,1.15555,0.000391546,0.000391546,0.000391546
90,1193.17,1.0739,0.73791,1.13743,0.95386,0.90948,0.94348,0.59791,1.20769,0.6553,1.13535,0.000379757,0.000379757,0.000379757
91,1206.3,1.06511,0.73924,1.1487,0.94641,0.91663,0.9416,0.6108,1.20122,0.65796,1.13721,0.000367967,0.000367967,0.000367967
92,1219.25,1.04671,0.71764,1.11921,0.93521,0.91219,0.94364,0.58441,1.22487,0.652,1.13275,0.000356178,0.000356178,0.000356178
93,1232.26,1.08632,0.74611,1.16949,0.94222,0.90583,0.9432,0.60034,1.23298,0.65814,1.1547,0.000344389,0.000344389,0.000344389
94,1245.31,1.05692,0.70045,1.11196,0.932,0.92598,0.94546,0.5983,1.21366,0.64097,1.14685,0.0003326,0.0003326,0.0003326
95,1258.23,1.04416,0.7213,1.13931,0.9535,0.9032,0.94388,0.60384,1.1964,0.6351,1.14191,0.00032081,0.00032081,0.00032081
96,1271.28,1.04758,0.71057,1.11958,0.94411,0.91884,0.95173,0.6306,1.15089,0.62661,1.12196,0.000309021,0.000309021,0.000309021
97,1284.46,1.06243,0.69363,1.11822,0.94108,0.92535,0.94929,0.62441,1.16586,0.61651,1.13273,0.000297232,0.000297232,0.000297232
98,1297.42,1.01506,0.67663,1.10619,0.9611,0.90507,0.94964,0.61834,1.1899,0.61615,1.13872,0.000285443,0.000285443,0.000285443
99,1310.5,1.00954,0.68994,1.10537,0.94765,0.91231,0.94619,0.61106,1.14613,0.62052,1.11386,0.000273654,0.000273654,0.000273654
100,1323.5,1.03856,0.68398,1.10955,0.95812,0.90336,0.94736,0.60785,1.18559,0.60255,1.13843,0.000261864,0.000261864,0.000261864
101,1336.67,1.03492,0.69901,1.1203,0.95708,0.90399,0.9471,0.64107,1.15533,0.60125,1.12092,0.000250075,0.000250075,0.000250075
102,1349.72,1.01519,0.67267,1.09723,0.9527,0.91489,0.94973,0.62394,1.19516,0.61142,1.13269,0.000238286,0.000238286,0.000238286
103,1362.84,1.02943,0.68264,1.12249,0.94659,0.9211,0.94695,0.59762,1.18278,0.6037,1.12784,0.000226497,0.000226497,0.000226497
104,1375.76,1.02457,0.66642,1.11533,0.95434,0.91715,0.94945,0.62435,1.16088,0.5942,1.11919,0.000214707,0.000214707,0.000214707
105,1388.95,1.01624,0.67146,1.10874,0.95105,0.91782,0.95126,0.61651,1.15244,0.60544,1.11218,0.000202918,0.000202918,0.000202918
106,1404.26,1.01093,0.6081,1.12293,0.95636,0.91118,0.95057,0.628,1.1706,0.59832,1.1331,0.000191129,0.000191129,0.000191129
107,1417.05,1.00833,0.58514,1.12487,0.95229,0.91834,0.94797,0.64788,1.13258,0.58755,1.11129,0.00017934,0.00017934,0.00017934
108,1429.83,0.97105,0.5397,1.09127,0.94919,0.92007,0.95109,0.61809,1.15002,0.5886,1.11485,0.00016755,0.00016755,0.00016755
109,1442.62,0.95061,0.55423,1.10414,0.95128,0.91825,0.95064,0.65891,1.09996,0.58021,1.10123,0.000155761,0.000155761,0.000155761
110,1455.5,0.94857,0.54867,1.09539,0.95325,0.92151,0.95079,0.64527,1.13767,0.58447,1.10127,0.000143972,0.000143972,0.000143972
111,1468.1,0.98027,0.55731,1.09299,0.94671,0.92082,0.95278,0.62816,1.11601,0.5851,1.09985,0.000132183,0.000132183,0.000132183
112,1480.85,0.94153,0.52902,1.07497,0.94938,0.91759,0.95332,0.64853,1.11511,0.58168,1.10765,0.000120393,0.000120393,0.000120393
113,1493.66,0.93465,0.52208,1.07655,0.9463,0.92109,0.95407,0.64722,1.11996,0.57203,1.10274,0.000108604,0.000108604,0.000108604
114,1506.5,0.94623,0.53464,1.10753,0.94617,0.92771,0.95097,0.63398,1.13308,0.58043,1.1076,9.68148e-05,9.68148e-05,9.68148e-05
115,1519.18,0.94625,0.53869,1.10873,0.94927,0.91705,0.95141,0.64476,1.09963,0.57811,1.09969,8.50255e-05,8.50255e-05,8.50255e-05
116,1532.03,0.94343,0.53306,1.06937,0.95004,0.91449,0.95009,0.64324,1.11144,0.57938,1.10143,7.32362e-05,7.32362e-05,7.32362e-05
117,1544.86,0.9205,0.51939,1.06148,0.96054,0.90285,0.948,0.64798,1.10133,0.57567,1.09918,6.1447e-05,6.1447e-05,6.1447e-05
118,1557.7,0.92325,0.52665,1.07542,0.94869,0.91473,0.95084,0.65091,1.1129,0.57465,1.1022,4.96578e-05,4.96578e-05,4.96578e-05
119,1570.37,0.9218,0.5116,1.05119,0.9573,0.90842,0.95147,0.64567,1.09369,0.56944,1.09604,3.78685e-05,3.78685e-05,3.78685e-05
120,1583.19,0.94842,0.53774,1.08495,0.94287,0.92123,0.94903,0.64443,1.09922,0.56874,1.09608,2.60792e-05,2.60792e-05,2.60792e-05
